{"cameraMode":{"drawMode":0,"name":"Shaded","section":"Shading Mode"},"sceneLighting":true,"audioPlay":false,"sceneViewState":{"showFog":true,"showMaterialUpdate":false,"showSkybox":true,"showFlares":true,"showImageEffects":true,"showParticleSystems":true},"in2DMode":false,"pivot":{"x":0.06923601031303406,"y":0.6240662336349487,"z":1.2248342037200928},"rotation":{"x":-0.0000326019580825232,"y":0.9997593760490418,"z":0.0014989954652264715,"w":0.02188822254538536},"size":0.3367500901222229,"orthographic":false}