{"cameraMode":{"drawMode":0,"name":"Shaded","section":"Shading Mode"},"sceneLighting":true,"audioPlay":false,"sceneViewState":{"showFog":true,"showMaterialUpdate":false,"showSkybox":true,"showFlares":true,"showImageEffects":true,"showParticleSystems":true},"in2DMode":false,"pivot":{"x":-2.0403008460998537,"y":0.5445000529289246,"z":-0.6862034201622009},"rotation":{"x":0.007097559981048107,"y":0.9924618601799011,"z":-0.07039592415094376,"w":0.10006828606128693},"size":2.8961682319641115,"orthographic":false}