{"cameraMode":{"drawMode":0,"name":"Shaded","section":"Shading Mode"},"sceneLighting":true,"audioPlay":false,"sceneViewState":{"showFog":true,"showMaterialUpdate":false,"showSkybox":true,"showFlares":true,"showImageEffects":true,"showParticleSystems":true},"in2DMode":false,"pivot":{"x":5.936762809753418,"y":-0.5750064849853516,"z":2.7733280658721926},"rotation":{"x":-0.15579989552497865,"y":-0.5212242007255554,"z":0.09744058549404144,"w":-0.8334009647369385},"size":13.156715393066407,"orthographic":false}