{"cameraMode":{"drawMode":0,"name":"Shaded","section":"Shading Mode"},"sceneLighting":true,"audioPlay":false,"sceneViewState":{"showFog":true,"showMaterialUpdate":false,"showSkybox":true,"showFlares":true,"showImageEffects":true,"showParticleSystems":true},"in2DMode":false,"pivot":{"x":0.6027361154556274,"y":-0.2782604992389679,"z":8.0092134475708},"rotation":{"x":-0.05095081031322479,"y":-0.032950278371572497,"z":0.0016819273587316275,"w":-0.9981560707092285},"size":8.468257904052735,"orthographic":false}