{"cameraMode":{"drawMode":0,"name":"Shaded","section":"Shading Mode"},"sceneLighting":true,"audioPlay":false,"sceneViewState":{"showFog":true,"showMaterialUpdate":false,"showSkybox":true,"showFlares":true,"showImageEffects":true,"showParticleSystems":true},"in2DMode":false,"pivot":{"x":178.4499969482422,"y":174.54998779296876,"z":0.0},"rotation":{"x":0.10817380249500275,"y":0.14116792380809785,"z":-0.015519924461841584,"w":0.983935534954071},"size":215.72439575195313,"orthographic":false}